<?xml version="1.0"?>
<knowledge>
	<title>What pet should I get?</title>
	<description>This system will tell you what pet to get.</description>

<!-- GOALS -->

	<goal name="pet">
		<answer value="Dog">You should get a Dog.</answer>
		<answer value="Cat">You should get a Cat.</answer>
		<answer value="She">You should get a Sheep.</answer>
		<answer value="$undefined">I don't know what pet you should get, sorry…</answer>
		<answer>Something else, namely $program.</answer>
	</goal>

<!-- RULES -->
	<rule>
		<description>Qualifications for Dog</description>
		<if>
			<and>
				<fact name="Hiking_person">yes</fact>
				<or>
					<fact name="play">yes</fact>
					<fact name="cuddle">yes</fact>
				</or>
			</and>
		</if>
		<then>
			<fact name="pet">Dog</fact>
		</then>
	</rule>

	<rule>
		<description>Qualifications for Cat</description>
		<if>
			<and>
				<fact name="Hiking_person">no</fact>
				<fact name="cuddle">yes</fact>
			</and>
		</if>
		<then>
			<fact name="pet">Cat</fact>
		</then>
	</rule>

	<rule>
		<description>Qualifications for Sheep</description>
		<if>
			<and>
				<fact name="cuddle">no</fact>
				<fact name="fetch">no</fact>
				<fact name="tricks">no</fact>
				<fact name="Hiking_person">no</fact>
			</and>
		</if>
		<then>
			<fact name="pet">She</fact>
		</then>
	</rule>	

	<rule>
		<description>Fetch and tricks are play.</description>
		<if>
			<or>
				<fact name="fetch">yes</fact>
				<fact name="tricks">yes</fact>
			</or>
		</if>
		<then>
			<fact name="play">yes</fact>
		</then>
	</rule>

	<rule>
		<description>Hiking person?</description>
		<if>
			<or>
				<fact name="Hiking">yes</fact>
				<fact name="Hiking">okay</fact>
			</or>
		</if>
		<then>
			<fact name="Hiking_person">yes</fact>
		</then>
	</rule>

<!-- QUESTIONS -->
	<question>
		<description>Do you like hiking?</description>
		<option>
			<description>Yes, I like hiking.</description>
			<then>
				<fact name="Hiking">yes</fact>
			</then>
		</option>
		<option>
			<description>I don't mind to hike.</description>
			<then>
				<fact name="Hiking">okay</fact>
			</then>
		</option>
		<option>
			<description>No, I don't like hiking at all.</description>
			<then>
				<fact name="Hiking_person">no</fact>
			</then>
		</option>
	</question>

	<question>
		<description>What activities would you like to do with your pet?</description>
		<option>
			<description>Cuddling</description>
			<then>
				<fact name="cuddle">yes</fact>
				<fact name="fetch">no</fact>
				<fact name="tricks">no</fact>
			</then>
		</option>
		<option>
			<description>Play fetch</description>
			<then>
				<fact name="fetch">yes</fact>
				<fact name="cuddle">no</fact>
				<fact name="tricks">no</fact>
			</then>
		</option>
		<option>
			<description>Teach it tricks</description>
			<then>
				<fact name="tricks">yes</fact>
				<fact name="cuddle">no</fact>
				<fact name="fetch">no</fact>
			</then>
		</option>
		<option>
			<description>None of the above</description>
			<then>
				<fact name="cuddle">no</fact>
				<fact name="fetch">no</fact>
				<fact name= "tricks">no</fact>
			</then>
		</option>
	</question>

</knowledge>
